"mid_ma","pred_div","herb_div"
63.8,NA,NA
58.8,NA,NA
51.9,NA,40.2797202797203
44.55,78.1166666666667,21.4825174825175
39.65,75.5733333333333,14.7692307692308
35.95,81.4775,22.6759906759907
31,85.3833333333333,37.5944055944056
25.565,88.455637254902,38.3616383616384
19.5,214.77037037037,90.4055944055944
13.795,203.776829268293,115.884115884116
8.4765,270.683333333333,132.475524475524
3.9605,207.972943722944,91.2570356472796
